id,university_id,name,field,level,duration_years,language,mode,intake_months,tuition,currency,url,metadata
39634d55-0664-55d7-a2ef-b19a1b7b25b3,75b1eecb-3b5d-5728-89ab-823c71efc1da,Anthropology,,Bachelor degrees (with or without Honours),3,English,On-campus,"[""September""]",,,,"{""source"":""ucas"",""ucas_code"":""L602"",""start_date"":""21/09/2026"",""campus"":""Main Site""}"
7b436c43-fabe-5df0-befb-a5fc812cdd8e,75b1eecb-3b5d-5728-89ab-823c71efc1da,Applied Psychosocial and Psychotherapy Studies,,Bachelor degrees (with or without Honours),3,English,On-campus,"[""September""]",,,,"{""source"":""ucas"",""ucas_code"":""BL93"",""start_date"":""21/09/2026"",""campus"":""Main Site""}"
8b90e369-18b1-5c26-969e-c4c39d08fdf2,75b1eecb-3b5d-5728-89ab-823c71efc1da,Arts Management,,Bachelor degrees (with or without Honours),3,English,On-campus,"[""September""]",,,,"{""source"":""ucas"",""ucas_code"":""N2V3"",""start_date"":""21/09/2026"",""campus"":""Main Site""}"
39634d55-0664-55d7-a2ef-b19a1b7b25b3,75b1eecb-3b5d-5728-89ab-823c71efc1da,Anthropology,,Bachelor degrees (with or without Honours),3,English,On-campus,"[""September""]",,,,"{""source"":""ucas"",""ucas_code"":""L602"",""start_date"":""21/09/2026"",""campus"":""Main Site""}"
9be0f99f-2c3d-5b8e-9afc-a1f03bef92f9,75b1eecb-3b5d-5728-89ab-823c71efc1da,Anthropology with Foundation Year (Integrated Degree),,Bachelor degrees (with or without Honours),4,English,On-campus,"[""September""]",,,,"{""source"":""ucas"",""ucas_code"":""L601"",""start_date"":""21/09/2026"",""campus"":""Main Site""}"
f35ad09b-9e8b-52a8-8412-fd27d28df221,75b1eecb-3b5d-5728-89ab-823c71efc1da,"Anthropology, Media and Digital Practice",,Bachelor degrees (with or without Honours),3,English,On-campus,"[""September""]",,,,"{""source"":""ucas"",""ucas_code"":""L6P3"",""start_date"":""21/09/2026"",""campus"":""Main Site""}"
7b436c43-fabe-5df0-befb-a5fc812cdd8e,75b1eecb-3b5d-5728-89ab-823c71efc1da,Applied Psychosocial and Psychotherapy Studies,,Bachelor degrees (with or without Honours),3,English,On-campus,"[""September""]",,,,"{""source"":""ucas"",""ucas_code"":""BL93"",""start_date"":""21/09/2026"",""campus"":""Main Site""}"
8b90e369-18b1-5c26-969e-c4c39d08fdf2,75b1eecb-3b5d-5728-89ab-823c71efc1da,Arts Management,,Bachelor degrees (with or without Honours),3,English,On-campus,"[""September""]",,,,"{""source"":""ucas"",""ucas_code"":""N2V3"",""start_date"":""21/09/2026"",""campus"":""Main Site""}"
e84d5661-197e-5252-ac3f-b101048d0b88,75b1eecb-3b5d-5728-89ab-823c71efc1da,Business Computing (Entrepreneurship),,Bachelor degrees (with or without Honours),3,English,On-campus,"[""September""]",,,,"{""source"":""ucas"",""ucas_code"":""IN11"",""start_date"":""21/09/2026"",""campus"":""Main Site""}"
d17ebd25-87dd-5bbc-a7df-eb15d95f148a,75b1eecb-3b5d-5728-89ab-823c71efc1da,Business Computing (Entrepreneurship) with Foundation Year (Integrated Degree),,Bachelor degrees (with or without Honours),,English,On-campus,"[""September""]",,,,"{""source"":""ucas"",""ucas_code"":""7UG2"",""start_date"":""21/09/2026"",""campus"":""Main Site""}"
5c5d470f-a894-527c-9c4b-c74586b2ec55,75b1eecb-3b5d-5728-89ab-823c71efc1da,Business Management,,Bachelor degrees (with or without Honours),3,English,On-campus,"[""September""]",,,,"{""source"":""ucas"",""ucas_code"":""N200"",""start_date"":""21/09/2026"",""campus"":""Main Site""}"
7bec2276-45d6-59ad-97d2-5e00eb8f7df9,75b1eecb-3b5d-5728-89ab-823c71efc1da,Computer Science,,Bachelor degrees (with or without Honours),3,English,On-campus,"[""September""]",,,,"{""source"":""ucas"",""ucas_code"":""G400"",""start_date"":""21/09/2026"",""campus"":""Main Site""}"
2ee0fc2e-03cd-5f67-a3db-cc6907703349,75b1eecb-3b5d-5728-89ab-823c71efc1da,Computer Science (Integrated Degree),,Bachelor degrees (with or without Honours),4,English,On-campus,"[""September""]",,,,"{""source"":""ucas"",""ucas_code"":""G401"",""start_date"":""21/09/2026"",""campus"":""Main Site""}"
551b9d2e-ad33-5941-903b-0a9299b9cd1f,75b1eecb-3b5d-5728-89ab-823c71efc1da,Creative Computing,,Bachelor degrees (with or without Honours),3,English,On-campus,"[""September""]",,,,"{""source"":""ucas"",""ucas_code"":""G452"",""start_date"":""21/09/2026"",""campus"":""Main Site""}"
b939bf76-d867-5784-8350-968f8c3bd091,75b1eecb-3b5d-5728-89ab-823c71efc1da,Creative Computing with Foundation Year (Integrated Degree),,Bachelor degrees (with or without Honours),4,English,On-campus,"[""September""]",,,,"{""source"":""ucas"",""ucas_code"":""G402"",""start_date"":""21/09/2026"",""campus"":""Main Site""}"
4dac4727-491b-50bc-9636-fd2f7a4388c4,75b1eecb-3b5d-5728-89ab-823c71efc1da,Criminology and Criminal Justice,,Bachelor degrees (with or without Honours),3,English,On-campus,"[""September""]",,,,"{""source"":""ucas"",""ucas_code"":""L4L3"",""start_date"":""21/09/2026"",""campus"":""Main Site""}"
80210896-6ef1-5be1-868b-48abb5b6ef01,75b1eecb-3b5d-5728-89ab-823c71efc1da,Curating,,Masters degrees,2,English,On-campus,"[""September""]",,,,"{""source"":""ucas"",""start_date"":""21/09/2026"",""campus"":""Goldsmiths, University of London""}"
b7064e0d-5fc9-52c1-9733-b7482b00ab0c,75b1eecb-3b5d-5728-89ab-823c71efc1da,Design,,Bachelor degrees (with or without Honours),3,English,On-campus,"[""September""]",,,,"{""source"":""ucas"",""ucas_code"":""W200"",""start_date"":""21/09/2026"",""campus"":""Main Site""}"
5936e72e-e6b1-5ab6-b7c0-0a656bdebb42,75b1eecb-3b5d-5728-89ab-823c71efc1da,Digital Arts Computing,,Bachelor degrees (with or without Honours),3,English,On-campus,"[""September""]",,,,"{""source"":""ucas"",""ucas_code"":""I150"",""start_date"":""21/09/2026"",""campus"":""Main Site""}"
55f2e669-780f-56c2-a567-4de7ffb4e973,75b1eecb-3b5d-5728-89ab-823c71efc1da,Diverse Dance Styles,,Bachelor degrees (with or without Honours),3,English,On-campus,"[""September""]",,,,"{""source"":""ucas"",""ucas_code"":""W540"",""start_date"":""21/09/2026"",""campus"":""Main Site""}"
444ad8dc-4e63-5b00-999e-f192b6abec93,75b1eecb-3b5d-5728-89ab-823c71efc1da,Drama and Theatre Arts with Acting,,Bachelor degrees (with or without Honours),3,English,On-campus,"[""September""]",,,,"{""source"":""ucas"",""ucas_code"":""W410"",""start_date"":""21/09/2026"",""campus"":""Main Site""}"
45892004-1470-5392-88d6-a5270cf0189d,75b1eecb-3b5d-5728-89ab-823c71efc1da,Drama: Musical Theatre,,Bachelor degrees (with or without Honours),3,English,On-campus,"[""September""]",,,,"{""source"":""ucas"",""ucas_code"":""W312"",""start_date"":""21/09/2026"",""campus"":""Main Site""}"
ece18306-b644-5a24-9b0c-e71bcbb04fb4,75b1eecb-3b5d-5728-89ab-823c71efc1da,Economics,,Bachelor degrees (with or without Honours),3,English,On-campus,"[""September""]",,,,"{""source"":""ucas"",""ucas_code"":""L1M9"",""start_date"":""21/09/2026"",""campus"":""Main Site""}"
59f5f8d3-a07e-5253-b753-6088f26b00c3,75b1eecb-3b5d-5728-89ab-823c71efc1da,Economics with Data Science,,Bachelor degrees (with or without Honours),3,English,On-campus,"[""September""]",,,,"{""source"":""ucas"",""ucas_code"":""L1M2"",""start_date"":""21/09/2026"",""campus"":""Main Site""}"
1dae5fd2-a8ff-5342-a5a0-91109f942491,75b1eecb-3b5d-5728-89ab-823c71efc1da,Economics with Law,,Bachelor degrees (with or without Honours),3,English,On-campus,"[""September""]",,,,"{""source"":""ucas"",""ucas_code"":""L1M1"",""start_date"":""21/09/2026"",""campus"":""Main Site""}"
f06ed0b3-fe4c-5892-bfcc-212f382f0cee,75b1eecb-3b5d-5728-89ab-823c71efc1da,Economics with Marketing,,Bachelor degrees (with or without Honours),3,English,On-campus,"[""September""]",,,,"{""source"":""ucas"",""ucas_code"":""L1N5"",""start_date"":""21/09/2026"",""campus"":""Main Site""}"
a7fe4a35-e09b-58c4-b3e8-6b781734d287,75b1eecb-3b5d-5728-89ab-823c71efc1da,Education,,Bachelor degrees (with or without Honours),3,English,On-campus,"[""September""]",,,,"{""source"":""ucas"",""ucas_code"":""X390"",""start_date"":""21/09/2026"",""campus"":""Main Site""}"
9d97bb56-4636-5c73-9160-e55a040c94ed,75b1eecb-3b5d-5728-89ab-823c71efc1da,English,,Bachelor degrees (with or without Honours),3,English,On-campus,"[""September""]",,,,"{""source"":""ucas"",""ucas_code"":""Q300"",""start_date"":""21/09/2026"",""campus"":""Main Site""}"
02258108-fa7e-507c-8723-06c562e890e4,75b1eecb-3b5d-5728-89ab-823c71efc1da,English (with Integrated Foundation Year),,Bachelor degrees (with or without Honours),4,English,On-campus,"[""September""]",,,,"{""source"":""ucas"",""ucas_code"":""Q301"",""start_date"":""21/09/2026"",""campus"":""Main Site""}"
fd569b7f-6fac-5088-a3cb-5bdcb273fda6,75b1eecb-3b5d-5728-89ab-823c71efc1da,English with Creative Writing,,Bachelor degrees (with or without Honours),3,English,On-campus,"[""September""]",,,,"{""source"":""ucas"",""ucas_code"":""Q3W8"",""start_date"":""21/09/2026"",""campus"":""Main Site""}"
4bb089ad-d9d5-5456-8a74-8348c93cdfb0,75b1eecb-3b5d-5728-89ab-823c71efc1da,English with Creative Writing (with Integrated Foundation Year),,Bachelor degrees (with or without Honours),4,English,On-campus,"[""September""]",,,,"{""source"":""ucas"",""ucas_code"":""Q3W9"",""start_date"":""21/09/2026"",""campus"":""Main Site""}"
50a955d2-bd57-5a69-be6e-bc88dd960651,75b1eecb-3b5d-5728-89ab-823c71efc1da,Film and Screen Studies,,Masters degrees,1,English,On-campus,"[""September""]",,,,"{""source"":""ucas"",""start_date"":""21/09/2026"",""campus"":""Goldsmiths, University of London""}"
4205c16f-1bd7-5311-8f7b-e7487721cd0c,75b1eecb-3b5d-5728-89ab-823c71efc1da,Fine Art,,Bachelor degrees (with or without Honours),3,English,On-campus,"[""September""]",,,,"{""source"":""ucas"",""ucas_code"":""W190"",""start_date"":""21/09/2026"",""campus"":""Main Site""}"
365a853d-ff99-598e-ad0d-508107a8cd9f,75b1eecb-3b5d-5728-89ab-823c71efc1da,Fine Art and History of Art,,Bachelor degrees (with or without Honours),3,English,On-campus,"[""September""]",,,,"{""source"":""ucas"",""ucas_code"":""VW31"",""start_date"":""21/09/2026"",""campus"":""Main Site""}"
f908256d-1078-5165-a0ab-46f417b49681,75b1eecb-3b5d-5728-89ab-823c71efc1da,Games Development,,Bachelor degrees (with or without Honours),3,English,On-campus,"[""September""]",,,,"{""source"":""ucas"",""ucas_code"":""I610"",""start_date"":""21/09/2026"",""campus"":""Main Site""}"
4214c367-9f4a-502f-ac8c-76dc786264cd,75b1eecb-3b5d-5728-89ab-823c71efc1da,History,,Bachelor degrees (with or without Honours),3,English,On-campus,"[""September""]",,,,"{""source"":""ucas"",""ucas_code"":""V101"",""start_date"":""21/09/2026"",""campus"":""Main Site""}"
56b0af36-5b6e-5bca-a6ec-0ccc8b7a476f,75b1eecb-3b5d-5728-89ab-823c71efc1da,History (with Integrated Foundation Year),,Bachelor degrees (with or without Honours),4,English,On-campus,"[""September""]",,,,"{""source"":""ucas"",""ucas_code"":""V104"",""start_date"":""21/09/2026"",""campus"":""Main Site""}"
a2fa2fab-6241-5434-b228-3d22a188c835,75b1eecb-3b5d-5728-89ab-823c71efc1da,History of Art,,Bachelor degrees (with or without Honours),3,English,On-campus,"[""September""]",,,,"{""source"":""ucas"",""ucas_code"":""V350"",""start_date"":""21/09/2026"",""campus"":""Main Site""}"
340c6d48-5143-520f-82ea-b3951f4f5dae,75b1eecb-3b5d-5728-89ab-823c71efc1da,History with Politics,,Bachelor degrees (with or without Honours),3,English,On-campus,"[""September""]",,,,"{""source"":""ucas"",""ucas_code"":""LV21"",""start_date"":""21/09/2026"",""campus"":""Main Site""}"
9627062f-ef3e-5bf8-9e38-5ee9d6fce796,75b1eecb-3b5d-5728-89ab-823c71efc1da,History with Politics (with Integrated Foundation Year),,Bachelor degrees (with or without Honours),4,English,On-campus,"[""September""]",,,,"{""source"":""ucas"",""ucas_code"":""LV22"",""start_date"":""21/09/2026"",""campus"":""Main Site""}"
3c47c73f-94b0-5863-8d30-71027228985a,75b1eecb-3b5d-5728-89ab-823c71efc1da,International Relations (with Integrated Foundation Year),,Bachelor degrees (with or without Honours),4,English,On-campus,"[""September""]",,,,"{""source"":""ucas"",""ucas_code"":""L252"",""start_date"":""21/09/2026"",""campus"":""Main Site""}"
b4e4a897-5629-57e1-a306-c53215f0b1d6,75b1eecb-3b5d-5728-89ab-823c71efc1da,Journalism,,Bachelor degrees (with or without Honours),3,English,On-campus,"[""September""]",,,,"{""source"":""ucas"",""ucas_code"":""P500"",""start_date"":""21/09/2026"",""campus"":""Main Site""}"
6923654d-7eaf-513a-b58c-7c43a2b4fba2,75b1eecb-3b5d-5728-89ab-823c71efc1da,Journalism (with Integrated Foundation Year),,Bachelor degrees (with or without Honours),4,English,On-campus,"[""September""]",,,,"{""source"":""ucas"",""ucas_code"":""P501"",""start_date"":""21/09/2026"",""campus"":""Main Site""}"
7f980c51-03ba-571f-85c2-be94b3914c04,75b1eecb-3b5d-5728-89ab-823c71efc1da,Law,,Bachelor degrees (with or without Honours),3,English,On-campus,"[""September""]",,,,"{""source"":""ucas"",""ucas_code"":""M100"",""start_date"":""21/09/2026"",""campus"":""Main Site""}"
1ce5befa-db92-5001-8af5-4c5dd885e0a0,75b1eecb-3b5d-5728-89ab-823c71efc1da,Management with Economics,,Bachelor degrees (with or without Honours),3,English,On-campus,"[""September""]",,,,"{""source"":""ucas"",""ucas_code"":""NL21"",""start_date"":""21/09/2026"",""campus"":""Main Site""}"
130434f3-e056-5000-ad93-dde91a40bacb,75b1eecb-3b5d-5728-89ab-823c71efc1da,Management with Marketing,,Bachelor degrees (with or without Honours),3,English,On-campus,"[""September""]",,,,"{""source"":""ucas"",""ucas_code"":""NN25"",""start_date"":""21/09/2026"",""campus"":""Main Site""}"
bb2eed74-aa68-5f63-8b3b-914e61d87707,75b1eecb-3b5d-5728-89ab-823c71efc1da,Marketing,,Bachelor degrees (with or without Honours),3,English,On-campus,"[""September""]",,,,"{""source"":""ucas"",""ucas_code"":""N500"",""start_date"":""21/09/2026"",""campus"":""Main Site""}"
527e1ea9-9539-53cf-8ac5-dfd6b625951d,75b1eecb-3b5d-5728-89ab-823c71efc1da,Media and Communications,,Bachelor degrees (with or without Honours),3,English,On-campus,"[""September""]",,,,"{""source"":""ucas"",""ucas_code"":""P300"",""start_date"":""21/09/2026"",""campus"":""Main Site""}"
bfd3e23d-e77e-5039-a94b-3ed7eebc004e,75b1eecb-3b5d-5728-89ab-823c71efc1da,Media and Communications with Foundation Year (Integrated Degree),,Bachelor degrees (with or without Honours),4,English,On-campus,"[""September""]",,,,"{""source"":""ucas"",""ucas_code"":""PP39"",""start_date"":""21/09/2026"",""campus"":""Main Site""}"
3e252a55-f13b-5fd5-ab74-35a3b6608e56,75b1eecb-3b5d-5728-89ab-823c71efc1da,Music,,Bachelor degrees (with or without Honours),3,English,On-campus,"[""September""]",,,,"{""source"":""ucas"",""ucas_code"":""W302"",""start_date"":""21/09/2026"",""campus"":""Main Site""}"
5a32220f-5659-5224-bacb-312ec012b7d9,75b1eecb-3b5d-5728-89ab-823c71efc1da,Music with Foundation Year (Integrated Degree),,Bachelor degrees (with or without Honours),4,English,On-campus,"[""September""]",,,,"{""source"":""ucas"",""ucas_code"":""W310"",""start_date"":""21/09/2026"",""campus"":""Main Site""}"
bff2a868-2791-5e2e-82b7-5835b2ec90b8,75b1eecb-3b5d-5728-89ab-823c71efc1da,Politics and International Relations,,Bachelor degrees (with or without Honours),3,English,On-campus,"[""September""]",,,,"{""source"":""ucas"",""ucas_code"":""L2L5"",""start_date"":""21/09/2026"",""campus"":""Main Site""}"
16497b76-ec45-5a2c-83ef-ce6e450cc6a0,75b1eecb-3b5d-5728-89ab-823c71efc1da,Politics and International Relations (with Integrated Foundation Year),,Bachelor degrees (with or without Honours),4,English,On-campus,"[""September""]",,,,"{""source"":""ucas"",""ucas_code"":""L2L6"",""start_date"":""21/09/2026"",""campus"":""Main Site""}"
a76be23d-0104-5085-a868-99eaaf6d4dd7,75b1eecb-3b5d-5728-89ab-823c71efc1da,"Politics, Philosophy and Economics",,Bachelor degrees (with or without Honours),3,English,On-campus,"[""September""]",,,,"{""source"":""ucas"",""ucas_code"":""LLV1"",""start_date"":""21/09/2026"",""campus"":""Main Site""}"
95417090-6157-5dc0-9217-3d05782d46de,75b1eecb-3b5d-5728-89ab-823c71efc1da,"Politics, Philosophy and Economics (with Integrated Foundation Year)",,Bachelor degrees (with or without Honours),4,English,On-campus,"[""September""]",,,,"{""source"":""ucas"",""ucas_code"":""LLV2"",""start_date"":""21/09/2026"",""campus"":""Main Site""}"
9822436f-86dc-52e6-84a2-40883b6c01c3,75b1eecb-3b5d-5728-89ab-823c71efc1da,Popular Music,,Bachelor degrees (with or without Honours),3,English,On-campus,"[""September""]",,,,"{""source"":""ucas"",""ucas_code"":""W340"",""start_date"":""21/09/2026"",""campus"":""Main Site""}"
1fb6e8b1-078c-5ba1-9297-ff981bf5b26c,75b1eecb-3b5d-5728-89ab-823c71efc1da,Psychology,,Bachelor degrees (with or without Honours),3,English,On-campus,"[""September""]",,,,"{""source"":""ucas"",""ucas_code"":""C800"",""start_date"":""21/09/2026"",""campus"":""Main Site""}"
05401071-a429-5db3-a4bb-c3975510fb85,75b1eecb-3b5d-5728-89ab-823c71efc1da,Psychology with Foundation Year (Integrated Degree),,Bachelor degrees (with or without Honours),4,English,On-campus,"[""September""]",,,,"{""source"":""ucas"",""ucas_code"":""C801"",""start_date"":""21/09/2026"",""campus"":""Main Site""}"
366ab351-243d-56bf-938a-c3906f19004f,75b1eecb-3b5d-5728-89ab-823c71efc1da,Religious Studies,,Masters degrees,3,English,On-campus,"[""September""]",,,,"{""source"":""ucas"",""start_date"":""21/09/2026"",""campus"":""Goldsmiths, University of London""}"
4fbf3280-6296-5802-b180-18e70f6a4a37,75b1eecb-3b5d-5728-89ab-823c71efc1da,Social and Community Work,,Bachelor degrees (with or without Honours),3,English,On-campus,"[""September""]",,,,"{""source"":""ucas"",""ucas_code"":""L541"",""start_date"":""21/09/2026"",""campus"":""Main Site""}"
9955319f-d57f-52ec-8e4a-de986b057491,75b1eecb-3b5d-5728-89ab-823c71efc1da,Sociology,,Bachelor degrees (with or without Honours),3,English,On-campus,"[""September""]",,,,"{""source"":""ucas"",""ucas_code"":""L300"",""start_date"":""21/09/2026"",""campus"":""Main Site""}"
5b4e35b8-404b-5def-af20-120df5812863,75b1eecb-3b5d-5728-89ab-823c71efc1da,Sociology (with Integrated Foundation Year),,Bachelor degrees (with or without Honours),4,English,On-campus,"[""September""]",,,,"{""source"":""ucas"",""ucas_code"":""L301"",""start_date"":""21/09/2026"",""campus"":""Main Site""}"
cca3b020-7711-5e07-8ad6-ace7f980d6f6,75b1eecb-3b5d-5728-89ab-823c71efc1da,Sociology with Criminology,,Bachelor degrees (with or without Honours),3,English,On-campus,"[""September""]",,,,"{""source"":""ucas"",""ucas_code"":""3L3L"",""start_date"":""21/09/2026"",""campus"":""Main Site""}"
4c750f05-42a8-5c6c-bb1d-27d262399141,75b1eecb-3b5d-5728-89ab-823c71efc1da,Sociology with Criminology (with Integrated Foundation Year),,Bachelor degrees (with or without Honours),4,English,On-campus,"[""September""]",,,,"{""source"":""ucas"",""ucas_code"":""3L31"",""start_date"":""21/09/2026"",""campus"":""Main Site""}"
9eda3624-75f8-5e95-9bff-90ed768ebc5f,a8ebc1cc-4d06-5cd6-ab1e-e78116bcf9a0,Accounting & Finance,,Bachelor degrees (with or without Honours),3,English,On-campus,"[""September""]",,,,"{""source"":""ucas"",""ucas_code"":""NN34"",""start_date"":""28/09/2026"",""campus"":""London School of Economics and Political Science""}"
aa22f021-817b-58fc-997b-0166252ff775,a8ebc1cc-4d06-5cd6-ab1e-e78116bcf9a0,Actuarial Science,,Bachelor degrees (with or without Honours),3,English,On-campus,,,,,"{""source"":""ucas"",""ucas_code"":""N321"",""start_date"":""09/2025"",""campus"":""London School of Economics and Political Science""}"
2db82317-21eb-5849-a6e4-e7cdc062a2e6,a8ebc1cc-4d06-5cd6-ab1e-e78116bcf9a0,Actuarial Science (with a Placement Year),,Bachelor degrees (with or without Honours),4,English,On-campus,,,,,"{""source"":""ucas"",""ucas_code"":""N322"",""start_date"":""09/2025"",""campus"":""London School of Economics and Political Science""}"
30e46cfa-317e-525f-8281-f1836079636f,a8ebc1cc-4d06-5cd6-ab1e-e78116bcf9a0,Data Science,,Bachelor degrees (with or without Honours),3,English,On-campus,"[""September""]",,,,"{""source"":""ucas"",""ucas_code"":""N3UD"",""start_date"":""29/09/2025"",""campus"":""London School of Economics and Political Science""}"
0f63193b-0a40-5169-b5b7-56332bc67c70,a8ebc1cc-4d06-5cd6-ab1e-e78116bcf9a0,Econometrics & Mathematical Economics,,Bachelor degrees (with or without Honours),3,English,On-campus,,,,,"{""source"":""ucas"",""ucas_code"":""L140"",""start_date"":""09/2025"",""campus"":""London School of Economics and Political Science""}"
23d63bdc-0f98-5103-a378-19b175226bd9,a8ebc1cc-4d06-5cd6-ab1e-e78116bcf9a0,Economics,,Bachelor degrees (with or without Honours),3,English,On-campus,,,,,"{""source"":""ucas"",""ucas_code"":""L101"",""start_date"":""09/2025"",""campus"":""London School of Economics and Political Science""}"
7915a186-4d65-5dc8-8adf-93a441bf2acb,a8ebc1cc-4d06-5cd6-ab1e-e78116bcf9a0,Economics and Data Science,,Bachelor degrees (with or without Honours),3,English,On-campus,"[""September""]",,,,"{""source"":""ucas"",""ucas_code"":""L1N3"",""start_date"":""28/09/2026"",""campus"":""London School of Economics and Political Science""}"
285620a4-f20c-5c68-acf7-a2f016bb308b,a8ebc1cc-4d06-5cd6-ab1e-e78116bcf9a0,Economics and Economic History,,Bachelor degrees (with or without Honours),3,English,On-campus,,,,,"{""source"":""ucas"",""ucas_code"":""VL31"",""start_date"":""09/2025"",""campus"":""London School of Economics and Political Science""}"
d952d039-b145-5c78-b27b-f81a4b3b6ad1,87e6046b-d9a0-501a-ba93-a90f64c9d4d0,Economics and Social Anthropology,,Bachelor degrees (with or without Honours),3,English,On-campus,"[""September""]",,,,"{""source"":""ucas"",""ucas_code"":""LL16"",""start_date"":""22/09/2025"",""campus"":""Main Site""}"
80eab2f0-c848-51d6-b5d4-b6981f1db8a5,a8ebc1cc-4d06-5cd6-ab1e-e78116bcf9a0,Finance,,Bachelor degrees (with or without Honours),3,English,On-campus,,,,,"{""source"":""ucas"",""ucas_code"":""N300"",""start_date"":""09/2025"",""campus"":""London School of Economics and Political Science""}"
fa799efc-b8e1-594b-9e2b-e43b7dfc523a,a8ebc1cc-4d06-5cd6-ab1e-e78116bcf9a0,Financial Mathematics,,Masters degrees,10,English,On-campus,,,,,"{""source"":""ucas"",""start_date"":""09/2025"",""campus"":""London School of Economics and Political Science""}"
b6300272-f30a-56bb-b44a-4c5963236cc5,a8ebc1cc-4d06-5cd6-ab1e-e78116bcf9a0,Mathematics and Economics,,Bachelor degrees (with or without Honours),3,English,On-campus,,,,,"{""source"":""ucas"",""ucas_code"":""GL11"",""start_date"":""09/2025"",""campus"":""London School of Economics and Political Science""}"
7ad82d37-581c-586e-bbc1-ca1704976b23,a8ebc1cc-4d06-5cd6-ab1e-e78116bcf9a0,Mathematics with Economics,,Bachelor degrees (with or without Honours),3,English,On-campus,,,,,"{""source"":""ucas"",""ucas_code"":""G1L1"",""start_date"":""09/2025"",""campus"":""London School of Economics and Political Science""}"
1c6b3805-0492-52fa-a664-ab7b0281c9b3,a8ebc1cc-4d06-5cd6-ab1e-e78116bcf9a0,"Mathematics, Statistics, and Business",,Bachelor degrees (with or without Honours),3,English,On-campus,,,,,"{""source"":""ucas"",""ucas_code"":""G0N0"",""start_date"":""09/2025"",""campus"":""London School of Economics and Political Science""}"
052914e6-bee0-58c5-b1fa-3865c12d1b8e,a8ebc1cc-4d06-5cd6-ab1e-e78116bcf9a0,Philosophy and Economics,,Bachelor degrees (with or without Honours),3,English,On-campus,"[""September""]",,,,"{""source"":""ucas"",""ucas_code"":""LV15"",""start_date"":""28/09/2026"",""campus"":""London School of Economics and Political Science""}"
d51e9ba9-8027-5dad-9935-e76021bd7ad4,a8ebc1cc-4d06-5cd6-ab1e-e78116bcf9a0,Management,,Bachelor degrees (with or without Honours),3,English,On-campus,"[""September""]",,,,"{""source"":""ucas"",""ucas_code"":""N200"",""start_date"":""28/09/2026"",""campus"":""London School of Economics and Political Science""}"
efe1bdf6-20ba-5cd1-bee2-16fc1a42f537,a8ebc1cc-4d06-5cd6-ab1e-e78116bcf9a0,Politics and Economics,,Bachelor degrees (with or without Honours),3,English,On-campus,,,,,"{""source"":""ucas"",""ucas_code"":""LL12"",""start_date"":""09/2025"",""campus"":""London School of Economics and Political Science""}"
ad5ce205-de32-5de7-9b9b-d7f3ae661cb0,a8ebc1cc-4d06-5cd6-ab1e-e78116bcf9a0,Geography,,Bachelor degrees (with or without Honours),3,English,On-campus,"[""September""]",,,,"{""source"":""ucas"",""ucas_code"":""L702"",""start_date"":""28/09/2026"",""campus"":""London School of Economics and Political Science""}"
072c568a-d0aa-51e7-ae14-01326f7faed9,a8ebc1cc-4d06-5cd6-ab1e-e78116bcf9a0,Geography with Economics,,Bachelor degrees (with or without Honours),3,English,On-campus,,,,,"{""source"":""ucas"",""ucas_code"":""L7L1"",""start_date"":""09/2025"",""campus"":""London School of Economics and Political Science""}"
ef95937d-dca9-5169-b54f-04e577c961f4,a8ebc1cc-4d06-5cd6-ab1e-e78116bcf9a0,Environment and Sustainable Development,,Bachelor degrees (with or without Honours),3,English,On-campus,,,,,"{""source"":""ucas"",""ucas_code"":""FK84"",""start_date"":""09/2025"",""campus"":""London School of Economics and Political Science""}"
d5e769f6-a1d6-5fa4-9650-4aa7e03ca4d2,a8ebc1cc-4d06-5cd6-ab1e-e78116bcf9a0,Environment and Sustainable Development with Economics,,Bachelor degrees (with or without Honours),3,English,On-campus,,,,,"{""source"":""ucas"",""ucas_code"":""F9L1"",""start_date"":""09/2025"",""campus"":""London School of Economics and Political Science""}"
f20693af-1521-56f3-91eb-15a600939b6e,a8ebc1cc-4d06-5cd6-ab1e-e78116bcf9a0,Law (Bachelor of Laws),,Bachelor degrees (with or without Honours),3,English,On-campus,"[""September""]",,,,"{""source"":""ucas"",""ucas_code"":""M100"",""start_date"":""28/09/2026"",""campus"":""London School of Economics and Political Science""}"
91523d2e-7001-5c70-b86d-902b0eadd8da,a8ebc1cc-4d06-5cd6-ab1e-e78116bcf9a0,Anthropology and Law,,Bachelor degrees (with or without Honours),3,English,On-campus,"[""September""]",,,,"{""source"":""ucas"",""ucas_code"":""ML16"",""start_date"":""28/09/2026"",""campus"":""London School of Economics and Political Science""}"
01e3de5f-6622-59c7-9c3c-1faa95cedbfb,87e6046b-d9a0-501a-ba93-a90f64c9d4d0,Law and Social Anthropology,,Bachelor degrees (with or without Honours),3,English,On-campus,"[""September""]",,,,"{""source"":""ucas"",""ucas_code"":""LM61"",""start_date"":""22/09/2025"",""campus"":""Main Site""}"
448078db-d906-59c5-8867-241dc52d7a5a,50c4523b-1987-55e5-a437-2abeb94ee3d3,Law with Politics,,Bachelor degrees (with or without Honours),3,English,On-campus,"[""September""]",,,,"{""source"":""ucas"",""ucas_code"":""LM21"",""start_date"":""21/09/2026"",""campus"":""Main Site""}"
8bba3b6a-d191-5f8e-8de2-0a4e03935e25,a8ebc1cc-4d06-5cd6-ab1e-e78116bcf9a0,Politics,,Bachelor degrees (with or without Honours),3,English,On-campus,,,,,"{""source"":""ucas"",""ucas_code"":""L230"",""start_date"":""09/2025"",""campus"":""London School of Economics and Political Science""}"
fffcdc4f-46be-569c-8e92-34b05ff751bb,a8ebc1cc-4d06-5cd6-ab1e-e78116bcf9a0,Politics and International Relations,,Bachelor degrees (with or without Honours),3,English,On-campus,,,,,"{""source"":""ucas"",""ucas_code"":""L290"",""start_date"":""09/2025"",""campus"":""London School of Economics and Political Science""}"
32ca3962-b673-5f07-8017-6f6eb1813329,a8ebc1cc-4d06-5cd6-ab1e-e78116bcf9a0,Politics and Philosophy,,Bachelor degrees (with or without Honours),3,English,On-campus,,,,,"{""source"":""ucas"",""ucas_code"":""LV25"",""start_date"":""09/2025"",""campus"":""London School of Economics and Political Science""}"
8fd18edc-d41d-5188-ae2d-aed0c8252b13,87e6046b-d9a0-501a-ba93-a90f64c9d4d0,Politics and Social Anthropology,,Bachelor degrees (with or without Honours),3,English,On-campus,"[""September""]",,,,"{""source"":""ucas"",""ucas_code"":""LL62"",""start_date"":""22/09/2025"",""campus"":""Main Site""}"
ca2ba265-dd7f-5898-bd40-d56e2be35187,575e8d5c-b877-549e-9e43-cf78b299d84c,Politics and Sociology,,Bachelor degrees (with or without Honours),,English,On-campus,"[""September""]",,,,"{""source"":""ucas"",""ucas_code"":""LL23"",""start_date"":""22/09/2025"",""campus"":""Main Site""}"
80110551-da10-5c90-a126-f61ed09c312c,a8ebc1cc-4d06-5cd6-ab1e-e78116bcf9a0,"Philosophy, Politics and Economics",,Bachelor degrees (with or without Honours),4,English,On-campus,,,,,"{""source"":""ucas"",""ucas_code"":""L0V0"",""start_date"":""09/2025"",""campus"":""London School of Economics and Political Science""}"
2ae03e38-3bff-57e0-beae-2db9644116eb,a8ebc1cc-4d06-5cd6-ab1e-e78116bcf9a0,International Relations,,Bachelor degrees (with or without Honours),3,English,On-campus,,,,,"{""source"":""ucas"",""ucas_code"":""L250"",""start_date"":""09/2025"",""campus"":""London School of Economics and Political Science""}"
1b8d36e5-78f6-5fe1-9fe2-fab36bd937d4,a8ebc1cc-4d06-5cd6-ab1e-e78116bcf9a0,International Relations and Chinese,,Bachelor degrees (with or without Honours),4,English,On-campus,,,,,"{""source"":""ucas"",""ucas_code"":""L2T1"",""start_date"":""09/2025"",""campus"":""London School of Economics and Political Science""}"
24a1264e-f6ae-5f4b-a59a-5f12f744aa7b,4575f1d3-a8ce-5a5f-9629-2d28b0157f72,Modern Languages and International Relations,,Bachelor degrees (with or without Honours),4,English,On-campus,"[""September""]",,,,"{""source"":""ucas"",""ucas_code"":""L5R1"",""start_date"":""23/09/2026"",""campus"":""Main Site""}"
9cf4bb29-bef1-5dfa-86f1-0e25b5cf4876,a8ebc1cc-4d06-5cd6-ab1e-e78116bcf9a0,International History,,Doctoral degrees,3,English,On-campus,,,,,"{""source"":""ucas"",""start_date"":""09/2025"",""campus"":""London School of Economics and Political Science""}"
944dade2-361a-5dee-a020-beb1924c79de,a8ebc1cc-4d06-5cd6-ab1e-e78116bcf9a0,History and Politics,,Bachelor degrees (with or without Honours),3,English,On-campus,"[""September""]",,,,"{""source"":""ucas"",""ucas_code"":""LV21"",""start_date"":""28/09/2026"",""campus"":""London School of Economics and Political Science""}"
99b138c3-4c2d-5ea3-b70e-d94cde1f1cf7,a8ebc1cc-4d06-5cd6-ab1e-e78116bcf9a0,History of International Relations,,Masters degrees,2,English,On-campus,,,,,"{""source"":""ucas"",""start_date"":""09/2025"",""campus"":""London School of Economics and Political Science""}"
b94debda-bba0-5185-b0a0-fb6f1adbbfb4,a8ebc1cc-4d06-5cd6-ab1e-e78116bcf9a0,History,,Bachelor degrees (with or without Honours),3,English,On-campus,"[""September""]",,,,"{""source"":""ucas"",""ucas_code"":""V146"",""start_date"":""28/09/2026"",""campus"":""London School of Economics and Political Science""}"
b92065ea-317a-56ce-a1ca-2b638faa8cc5,7387e1d8-34df-51ca-bf60-dd874e543032,History with Foundation,,Bachelor degrees (with or without Honours),4,English,On-campus,"[""September""]",,,,"{""source"":""ucas"",""ucas_code"":""V102"",""start_date"":""14/09/2026"",""campus"":""Main Site""}"
eb4f4ef5-09b3-5b32-8f62-ce0379a63e59,a8ebc1cc-4d06-5cd6-ab1e-e78116bcf9a0,"Language, Culture and Society",,Bachelor degrees (with or without Honours),4,English,On-campus,,,,,"{""source"":""ucas"",""ucas_code"":""L3R9"",""start_date"":""09/2025"",""campus"":""London School of Economics and Political Science""}"
7b75c3c5-6a56-5e32-92e2-40d5c7dfb600,a8ebc1cc-4d06-5cd6-ab1e-e78116bcf9a0,"Philosophy, Logic and Scientific Method",,Bachelor degrees (with or without Honours),3,English,On-campus,,,,,"{""source"":""ucas"",""ucas_code"":""V503"",""start_date"":""09/2025"",""campus"":""London School of Economics and Political Science""}"
d82fca72-46cc-5094-a98f-fb2f7c31aafd,a8ebc1cc-4d06-5cd6-ab1e-e78116bcf9a0,Economic History,,Masters degrees,1,English,On-campus,,,,,"{""source"":""ucas"",""start_date"":""09/2025"",""campus"":""London School of Economics and Political Science""}"
ff9fa7e2-0967-5ad3-a5bb-eb5908eee7bb,a8ebc1cc-4d06-5cd6-ab1e-e78116bcf9a0,Economic History and Geography,,Bachelor degrees (with or without Honours),3,English,On-campus,,,,,"{""source"":""ucas"",""ucas_code"":""V3L7"",""start_date"":""09/2025"",""campus"":""London School of Economics and Political Science""}"
727be84e-8288-5088-ab0a-362e43a89406,25549b9f-06a5-523d-83e1-9045a5759ade,Criminology and Criminal Justice (with Foundation Year),,Bachelor degrees (with or without Honours),4,English,On-campus,"[""September""]",,,,"{""source"":""ucas"",""ucas_code"":""4L25"",""start_date"":""22/09/2025"",""campus"":""Stratford Campus""}"
a1aaf5db-33f7-5eb7-9162-0d3617378db9,48d6e43c-1f89-5286-85a3-e335bbee9cdb,Criminology and Sociology,,Bachelor degrees (with or without Honours),3,English,On-campus,"[""September""]",,,,"{""source"":""ucas"",""ucas_code"":""L3M9"",""start_date"":""28/09/2026"",""campus"":""Main Site""}"
9af35f90-63a9-52d6-a06f-e38b54ebbfa9,a8ebc1cc-4d06-5cd6-ab1e-e78116bcf9a0,Sociology,,Bachelor degrees (with or without Honours),3,English,On-campus,,,,,"{""source"":""ucas"",""ucas_code"":""L301"",""start_date"":""09/2025"",""campus"":""London School of Economics and Political Science""}"
d077a015-2ab9-5635-b28b-016ada32e100,a8ebc1cc-4d06-5cd6-ab1e-e78116bcf9a0,Social Anthropology,,Bachelor degrees (with or without Honours),3,English,On-campus,,,,,"{""source"":""ucas"",""ucas_code"":""L603"",""start_date"":""09/2025"",""campus"":""London School of Economics and Political Science""}"
62a7a841-396a-5109-8579-bbb729589688,a8ebc1cc-4d06-5cd6-ab1e-e78116bcf9a0,Social Anthropology,,Bachelor degrees (with or without Honours),3,English,On-campus,"[""September""]",,,,"{""source"":""ucas"",""ucas_code"":""L601"",""start_date"":""28/09/2026"",""campus"":""London School of Economics and Political Science""}"
233dae09-3e6d-5e96-b66b-1ddaa698b9ff,e64da10f-6b9a-5177-829e-a6725ff177d3,Social Policy and Sociology,,Bachelor degrees (with or without Honours),3,English,On-campus,"[""September""]",,,,"{""source"":""ucas"",""ucas_code"":""LL43"",""start_date"":""21/09/2026"",""campus"":""Main Site""}"
1da4c695-1a0a-5eb6-929e-b7649313251c,a8ebc1cc-4d06-5cd6-ab1e-e78116bcf9a0,International Social and Public Policy,,Bachelor degrees (with or without Honours),3,English,On-campus,,,,,"{""source"":""ucas"",""ucas_code"":""L400"",""start_date"":""09/2025"",""campus"":""London School of Economics and Political Science""}"
0bea1633-df0a-53c6-b7aa-74a3b4c2a9e8,a8ebc1cc-4d06-5cd6-ab1e-e78116bcf9a0,International Social and Public Policy (Development),,Masters degrees,1,English,On-campus,,,,,"{""source"":""ucas"",""start_date"":""09/2025"",""campus"":""London School of Economics and Political Science""}"
b9ab8abf-e0ec-5446-b753-94cb01fd6e42,a8ebc1cc-4d06-5cd6-ab1e-e78116bcf9a0,International Social and Public Policy with Economics,,Bachelor degrees (with or without Honours),3,English,On-campus,,,,,"{""source"":""ucas"",""ucas_code"":""LLK1"",""start_date"":""09/2025"",""campus"":""London School of Economics and Political Science""}"
043e516a-27e6-5fef-945b-fa81f307261b,a8ebc1cc-4d06-5cd6-ab1e-e78116bcf9a0,International Social and Public Policy with Politics,,Bachelor degrees (with or without Honours),3,English,On-campus,,,,,"{""source"":""ucas"",""ucas_code"":""LL42"",""start_date"":""09/2025"",""campus"":""London School of Economics and Political Science""}"
0a889320-fc36-583b-b701-92ff7409259d,a8ebc1cc-4d06-5cd6-ab1e-e78116bcf9a0,Psychological and Behavioural Science,,Bachelor degrees (with or without Honours),3,English,On-campus,"[""September""]",,,,"{""source"":""ucas"",""ucas_code"":""C800"",""start_date"":""28/09/2026"",""campus"":""London School of Economics and Political Science""}"